{"global_step": 103925, "_timestamp": 1708381127.6823318, "_runtime": 2420.8288037776947, "_step": 20785, "charts/step_reward0": -0.01928485743701458, "charts/step_reward1": -0.0240077693015337, "charts/step_reward2": -0.026884231716394424, "charts/step_reward3": -0.015618090517818928, "charts/step_reward4": 1.2732348442077637, "charts/episodic_return": -13.913288116455078, "charts/episodic_length": 65.0, "charts/learning_rate": 0.0003000000142492354, "losses/value_loss": 0.2829749584197998, "losses/policy_loss": -0.0037424061447381973, "losses/entropy": 4.204926013946533, "losses/old_approx_kl": 0.005004237871617079, "losses/approx_kl": 0.005342397373169661, "losses/clipfrac": 0.04278890788555145, "losses/explained_variance": 0.09360170364379883, "charts/SPS": 43.0, "_wandb": {"runtime": 2421}}