{"_wandb": {"runtime": 25}, "global_step": 0, "_timestamp": 1708381702.6358569, "_runtime": 8.851783752441406, "_step": 0}