{"global_step": 972990, "_timestamp": 1708407278.799535, "_runtime": 25523.687422037125, "_step": 194598, "charts/step_reward0": -0.0010443574283272028, "charts/step_reward1": -0.0026150699704885483, "charts/step_reward2": -0.0017294464632868767, "charts/step_reward3": -0.0008525173761881888, "charts/step_reward4": 0.20606957376003265, "charts/episodic_return": 24.88756561279297, "charts/episodic_length": 89.0, "charts/learning_rate": 0.0003000000142492354, "losses/value_loss": 0.1266445368528366, "losses/policy_loss": -0.00682853301987052, "losses/entropy": 3.6768343448638916, "losses/old_approx_kl": 0.007427298929542303, "losses/approx_kl": 0.006799005437642336, "losses/clipfrac": 0.05622495710849762, "losses/explained_variance": 0.7466719150543213, "charts/SPS": 38.0, "_wandb": {"runtime": 25523}}