{"global_step": 1665, "_timestamp": 1708378129.055905, "_runtime": 81.5401930809021, "_step": 333, "charts/step_reward0": -0.010599608533084393, "charts/step_reward1": -0.02831442654132843, "charts/step_reward2": -0.012026303447782993, "charts/step_reward3": -0.005615124478936195, "charts/step_reward4": -0.023828541859984398, "charts/episodic_return": -11.435302734375, "charts/episodic_length": 23.0, "_wandb": {"runtime": 81}}